{"eval/loss": 1.0400521755218506, "eval/precision": 0.0, "eval/recall": 0.0, "eval/f1": 0.0, "eval/accuracy": 0.7821350762527233, "eval/runtime": 0.4363, "eval/samples_per_second": 22.922, "eval/steps_per_second": 2.292, "train/epoch": 3.0, "train/global_step": 3, "_timestamp": 1673308282.565553, "_runtime": 22.32206702232361, "_step": 4, "train/train_runtime": 5.3988, "train/train_samples_per_second": 5.557, "train/train_steps_per_second": 0.556, "train/total_flos": 1025812456560.0, "train/train_loss": 1.1949286460876465, "_wandb": {"runtime": 21}}