{"confusion_matrix": {"_type": "image-file", "sha256": "d020439f4a14a6dd094708f9d06c22b26266ff3b450bad3271aa2eda9aa3ddcf", "size": 19903, "path": "media/images/confusion_matrix_6_d020439f4a14a6dd0947.png", "format": "png", "width": 640, "height": 480}, "_timestamp": 1675078854.091978, "_runtime": 95.50526404380798, "_step": 7, "precision": 0.942359829317615, "recall": 0.9385884509624198, "f1": 0.9088553889224756, "_wandb": {"runtime": 96}}